,channelId,channelTitle,description,subscriberCount,viewCount,videoCount,brandingTitle,brandingDescription,brandingKeywords
0,UCZ7umxF5sRT5bkJQH8ZYK_g,RDF Tactics,"Hello, football managers! I'm RDF Tactics, an FM content creator and aspiring football analyst/scout. This channel is your premier source for Football Manager, tactical analysis, and FM Tactics. This channel is not just a destination for virtual football gurus but also a bridge between the digital and real football worlds. With a background at Dinamo Tbilisi, my experience in the beautiful game spans from the virtual pitch to the real one.

To contact, please email rdftactics@gmail.com
",69000,11293823,333,RDF Tactics,"Hello, football managers! I'm RDF Tactics, an FM content creator and aspiring football analyst/scout. This channel is your premier source for Football Manager, tactical analysis, and FM Tactics. This channel is not just a destination for virtual football gurus but also a bridge between the digital and real football worlds. With a background at Dinamo Tbilisi, my experience in the beautiful game spans from the virtual pitch to the real one.

To contact, please email rdftactics@gmail.com
","""rdf tactics"" ""football manager 2024"" ""fm24 tactics"" ""Football Manager"""
1,UC6z7WG1NhHhFXUUks0EY9BQ,kApps FM,"Canal dedicado al videojuego de gesti√≥n estrat√©gica sobre f√∫tbol ""Football Manager"". En √©l ir√© trayendo el contenido que voy haciendo en directo en la plataforma morada para que as√≠ quede para el recuerdo, adem√°s de contenido exclusivo sobre c√≥mo jugar al juego en forma de video tutorial.

Espero que os guste lo que vaya subiendo y que juntos hagamos de este canal una gran comunidad. No olvideis suscribiros y activar la campanita!! Qu√© si no... no habr√° final feliz!! :P! #kAppsFamily #Gorrillas
",12400,2579270,1177,kApps FM,"Canal dedicado al videojuego de gesti√≥n estrat√©gica sobre f√∫tbol ""Football Manager"". En √©l ir√© trayendo el contenido que voy haciendo en directo en la plataforma morada para que as√≠ quede para el recuerdo, adem√°s de contenido exclusivo sobre c√≥mo jugar al juego en forma de video tutorial.

Espero que os guste lo que vaya subiendo y que juntos hagamos de este canal una gran comunidad. No olvideis suscribiros y activar la campanita!! Qu√© si no... no habr√° final feliz!! :P! #kAppsFamily #Gorrillas
","Fm ""fm 2025"" 2025 ""football manager"" football manager ""futbol manager 2025"" futbol espa√±ol ""fm 2025 online"" ""fm 2025 espa√±ol"" ""football manager 2025 espa√±ol"" ""fm 2025 online espa√±ol"" ""football manager online 2025 espa√±ol"" ""fm espa√±ol"" ""football manager espa√±ol"" kapps ""modo carrera"" ""modo carrera fm 25"" ""fm mundo real"" ""fm 25 mundo real"" ""fm original"" ""fm 25 carrera"" ""fm 25 partida online"" ""fm 25 online"" ""fm 25 draft"" ""fm 25 draft fantas√≠a"" ""fm 25 cara a cara"""
2,UCCeR7BtDUauD9jlVT67epTg,DoctorBenjy FM,"Football Manager Youtuber and Streamer


",113000,53412230,2465,DoctorBenjy FM,"Football Manager Youtuber and Streamer


","FM23 DoctorBenjy DoctorBenjyFM ""Glory Hunter"" ""Football Manager"" ""DoctorBenjy Football Manager"" ""FM Streamer Showdown"" Salford Parma Thames"
3,UCuHPOsfauzzZtpu_Y91687A,Hood Gaming,"On Hood Gaming, you will be able to find Football Manager 2024 guides, wonderkid videos, the best FM24 tactics and rebuild challenges. 

ùòºùôóùô§ùô™ùô© ùôàùôö

I have always made content throughout my professional career, however, it has always been for someone else. In May 2020 I decided that it was time to create something for myself. Football Manager has always been a game that I have loved so wanted to take this opportunity to share some of the tips and tricks that I've learnt!
",39200,10114864,1316,Hood Gaming,"On Hood Gaming, you will be able to find Football Manager 2024 guides, wonderkid videos, the best FM24 tactics and rebuild challenges. 

ùòºùôóùô§ùô™ùô© ùôàùôö

I have always made content throughout my professional career, however, it has always been for someone else. In May 2020 I decided that it was time to create something for myself. Football Manager has always been a game that I have loved so wanted to take this opportunity to share some of the tips and tricks that I've learnt!
","""Hood Gaming"" ""Hood Gaming UK"" ""Hood Gaming FM"" ""Hood Gaming FM24"" FM24 ""Football Manager 2024"" ""FM24 Tactics"" ""FM24 GYR Tactics"" ""Football Manager 2024 Tactics"" ""FM24 Rebuild"" ""Football Manager Rebuilds"" ""FM24 Tips & Tricks"" ""FM24 Weston Super Mare"" ""FM24 Live Stream"" ""Football Manager Live Stream"""
5,UC7BbOekYYnfJtGjIYsh_yWw,Second Yellow Card,New Football Manager 2023 videos every single week! Did you ever use to make your sims swim and then remove the ladder? Yeah I do that for Football Manager,64700,15080490,2315,Second Yellow Card,New Football Manager 2023 videos every single week! Did you ever use to make your sims swim and then remove the ladder? Yeah I do that for Football Manager,"""football manager"" football gaming fm ""football manager 2022"" fm22"
6,UC6MamJPUYNb-A3-ye0vExSQ,JC Manager - Football Manager en Espa√±ol,"Fan√°ticos de FOOTBALL MANAGER en ESPA√ëOL, Tutoriales, T√°cticas, Gu√≠as, Consejos, Trucos, recomendaciones de Wonderkids y los Mejores Jugadores de FM24, todo lo que Necesitas saber de Football Manager lo tienes AQU√ç, tienes que SUSCRIBIRTE.
Fifa, Pro Evolution Soccer, Top Eleven Manager,... hay muchos videojuegos de f√∫tbol, pero para nosotros el Mejor Videojuego de f√∫tbol es Football Manager, nada como FM para dirigir y gestionar un equipo de f√∫tbol de manera virtual. 
",14400,2442780,508,JC Manager - Football Manager en Espa√±ol,"Fan√°ticos de FOOTBALL MANAGER en ESPA√ëOL, Tutoriales, T√°cticas, Gu√≠as, Consejos, Trucos, recomendaciones de Wonderkids y los Mejores Jugadores de FM24, todo lo que Necesitas saber de Football Manager lo tienes AQU√ç, tienes que SUSCRIBIRTE.
Fifa, Pro Evolution Soccer, Top Eleven Manager,... hay muchos videojuegos de f√∫tbol, pero para nosotros el Mejor Videojuego de f√∫tbol es Football Manager, nada como FM para dirigir y gestionar un equipo de f√∫tbol de manera virtual. 
","""football manager espa√±ol"" ""football manager 2023 espa√±ol"" ""football manager en espa√±ol"" ""football manager 2023 en espa√±ol"" ""fm23 espa√±ol"" ""fm23 en espa√±ol"" jcmanager ""jc manager"" ""fm23 espa√±a"" ""football manager 2023 pc"" ""football manager para principiantes"" ""novedades football manager 2023"" ""tr√°iler fm23"" ""anuncio fm23"" ""lanzamiento football manager 2023"" ""licencias fm23"" ""fecha fm23"" ""tutorial football manager"" ""gu√≠a football manager"" ""wonderkids football manager"" ""novedades football manager"""
7,UCQw8SC9rns1YZLh1xuog9yQ,Vrc,"Pasjonat i hobbysta z amatorskim kana≈Çem, sponsorowany przez popcorn solony i piwo z otwartych kadzi. Kocham Football Managera, nagrywam Football Managera, gram w Managery od 1995. FootballManagerianizm mojƒÖ religiƒÖ. 

Opr√≥cz FM'a dorzucam inne pi≈Çkarskie managery, gry sportowe i ka≈ºualowe granko.

Zawarto≈õƒá kana≈Çu:

1. Kariery w Football Manager
2. Poradniki do Football Managera
3. Eksperymenty r√≥≈ºnej ma≈õci z u≈ºyciem edytora
4. Historia pi≈Çki no≈ºnej
5. Serie z innych gier sportowych.
6. Baldury, Fallouty, Wied≈∫miny i Star Warsy.
7. Gry strategiczne i RPG.

Usuwam komentarze wulgarne, chamskie i obra≈ºajƒÖce innych. Banuje za natarczywy spam i ubli≈ºanie.

Pozdrawiam!",19100,6373641,2955,Vrc,"Pasjonat i hobbysta z amatorskim kana≈Çem, sponsorowany przez popcorn solony i piwo z otwartych kadzi. Kocham Football Managera, nagrywam Football Managera, gram w Managery od 1995. FootballManagerianizm mojƒÖ religiƒÖ. 

Opr√≥cz FM'a dorzucam inne pi≈Çkarskie managery, gry sportowe i ka≈ºualowe granko.

Zawarto≈õƒá kana≈Çu:

1. Kariery w Football Manager
2. Poradniki do Football Managera
3. Eksperymenty r√≥≈ºnej ma≈õci z u≈ºyciem edytora
4. Historia pi≈Çki no≈ºnej
5. Serie z innych gier sportowych.
6. Baldury, Fallouty, Wied≈∫miny i Star Warsy.
7. Gry strategiczne i RPG.

Usuwam komentarze wulgarne, chamskie i obra≈ºajƒÖce innych. Banuje za natarczywy spam i ubli≈ºanie.

Pozdrawiam!",
8,UCuwR0CsOR5SST2BtclXbvGg,Evidence Based Football Manager,"Football Manager based on evidence, the whole evidence and nothing but the evidence",18000,692966,61,Evidence Based Football Manager,"Football Manager based on evidence, the whole evidence and nothing but the evidence",
9,UCKvJ62LDqb3uhQaqOzkkqVg,Chroo,"I make fictional football stories

Business inquiries currently n/a
",87100,11078900,143,Chroo,"I make fictional football stories

Business inquiries currently n/a
","soccer football ""video essay"" FIFA sports ""ea sports"" ""soccer comedy"" ""football comedy"" ""football manager"""
10,UCwEexRRE4tRrHKFfF5z1kGw,LucullusGames,"Ciao,
Mi chiamo Alessandro e gioco principalmente a videogame calcistici: Football Manager, Fifa e Pes. Adoro soprattutto la serie di Football Manager che tratto qui su Youtube a 360 gradi con Guide, Tutorial, Tattiche, Serie (finora trovate le playlist del Chievo su FM19, Cagliari su FM20, Bilbao su FM20), Esperimenti tutti realizzati da me. 
Il mio approccio a FM √® decisamente competitivo, sono stato il primo italiano (tra i vari content creator) a vincere il Journeyman (una delle modalit√† di gioco pi√π ostiche), e il primo italiano a portare su Youtube il concetto di Challenge su FM (tipico del mondo anglosassone), ovvero sfide difficili che impongono di vincere trofei specifici in un numero di stagioni limitate, rispettando regole rigorosissime.
Il mio obiettivo √® provare a diventare uno dei migliori giocatori di Football Manager sul panorama mondiale.",20400,6418993,928,LucullusGames,"Ciao,
Mi chiamo Alessandro e gioco principalmente a videogame calcistici: Football Manager, Fifa e Pes. Adoro soprattutto la serie di Football Manager che tratto qui su Youtube a 360 gradi con Guide, Tutorial, Tattiche, Serie (finora trovate le playlist del Chievo su FM19, Cagliari su FM20, Bilbao su FM20), Esperimenti tutti realizzati da me. 
Il mio approccio a FM √® decisamente competitivo, sono stato il primo italiano (tra i vari content creator) a vincere il Journeyman (una delle modalit√† di gioco pi√π ostiche), e il primo italiano a portare su Youtube il concetto di Challenge su FM (tipico del mondo anglosassone), ovvero sfide difficili che impongono di vincere trofei specifici in un numero di stagioni limitate, rispettando regole rigorosissime.
Il mio obiettivo √® provare a diventare uno dei migliori giocatori di Football Manager sul panorama mondiale.","videogames pc recensioni lucullusgames icniVadoDraNo√´l ""video recensione"" ""microsoft windows"" steam videogiochi videorecensioni ""football manager"" fm24 ""football manager 2024"" carriera ""carriera allenatore"" guide tutorial rebuild experiment tattiche ""moduli fm"" calcio fm25 ""football manager 2025"""
11,UC0B_surYDWjLFNV7Iix3A3Q,TomFM,"Welcome to TomFM, the home of Football Manager 2024 content. You can expect FM24 let's play videos as well as experiments and guides across the lifecycle of FM 2024. All videos uploaded at 5:15pm UK Time. Make sure you hit the subscribe button and turn the notification bells on for tutorials, wonderkids, tactics and lets plays!

",208000,44985909,1679,TomFM,"Welcome to TomFM, the home of Football Manager 2024 content. You can expect FM24 let's play videos as well as experiments and guides across the lifecycle of FM 2024. All videos uploaded at 5:15pm UK Time. Make sure you hit the subscribe button and turn the notification bells on for tutorials, wonderkids, tactics and lets plays!

","TomFM ""Tom FM"" TokFM ""Tok FM"" TonFM ""Ton FM"" ""Football Manager"" ""Football Manager 25"" ""Football Manager 2025"" FM25 ""FM 25"" ""FM 2025"" ""Football Manager Rebuild"" ""Football Manager 25 Rebuild"" ""FM25 Rebuild"" ""Football Manager Experiment"" ""Football Manager 25 Experiment"" ""FM25 Experiment"" ""Football Manager Challenge"" ""Football Manager 25 Challenge"" ""FM25 Challenge"" ""Football Manager Tutorial"" ""Football Manager 25 Tutorial"" ""FM25 Tutorial"""
12,UCNL-PktThtkU9V9mUSA6_xw,Arthur Ray,"Coach sur Football Manager, j'aime partager avec vous mes carri√®res, mais aussi des tutos et surtout des bon moments ! 
J'aime aussi quitter mon costume d'entraineur et d√©couvrir d'autres jeux ! 

‚óè‚ñ¨‚ñ¨‚ñ¨‚ñ¨‚ñ¨‚ñ¨‚ñ¨‚ñ¨‚ñ¨‚ñ¨‚ñ¨‚ñ¨‚ñ¨‚ñ¨‚ñ¨‚ñ¨‚ñ¨‚ñ¨‚ñ¨‚óè

‚ù§Ô∏è ‚ñ∫ Abonne-toi 

üê§ ‚ñ∫ Suis-moi sur Twitter: https://twitter.com/rayurart
üëæ ‚ñ∫ Rejoins moi en live sur Twitch : https://www.twitch.tv/ArthurRay
‚úâÔ∏è ‚ñ∫ Contact Pro : Arthurray@20ty.gg

‚óè‚ñ¨‚ñ¨‚ñ¨‚ñ¨‚ñ¨‚ñ¨‚ñ¨‚ñ¨‚ñ¨‚ñ¨‚ñ¨‚ñ¨‚ñ¨‚ñ¨‚ñ¨‚ñ¨‚ñ¨‚ñ¨‚ñ¨‚óè",96300,33320262,3197,Arthur Ray,"Coach sur Football Manager, j'aime partager avec vous mes carri√®res, mais aussi des tutos et surtout des bon moments ! 
J'aime aussi quitter mon costume d'entraineur et d√©couvrir d'autres jeux ! 

‚óè‚ñ¨‚ñ¨‚ñ¨‚ñ¨‚ñ¨‚ñ¨‚ñ¨‚ñ¨‚ñ¨‚ñ¨‚ñ¨‚ñ¨‚ñ¨‚ñ¨‚ñ¨‚ñ¨‚ñ¨‚ñ¨‚ñ¨‚óè

‚ù§Ô∏è ‚ñ∫ Abonne-toi 

üê§ ‚ñ∫ Suis-moi sur Twitter: https://twitter.com/rayurart
üëæ ‚ñ∫ Rejoins moi en live sur Twitch : https://www.twitch.tv/ArthurRay
‚úâÔ∏è ‚ñ∫ Contact Pro : Arthurray@20ty.gg

‚óè‚ñ¨‚ñ¨‚ñ¨‚ñ¨‚ñ¨‚ñ¨‚ñ¨‚ñ¨‚ñ¨‚ñ¨‚ñ¨‚ñ¨‚ñ¨‚ñ¨‚ñ¨‚ñ¨‚ñ¨‚ñ¨‚ñ¨‚óè",arthur ray fm divinity original sin story fm20 fm2020
13,UC-rJ_c0v5_rhoiRMT8ZlO1w,The Cult of FM,"Jack, 30, UEFA B Licenced coach.
Match Engine team @ Sports Interactive - Football Manager.

Personal Channel 
All views are my own
",8820,847852,360,The Cult of FM,"Jack, 30, UEFA B Licenced coach.
Match Engine team @ Sports Interactive - Football Manager.

Personal Channel 
All views are my own
",
14,UC-3wJqf60YbC6jzAfPRm2ig,Loki Doki,"Home of the best* Football Manager 2024 content on Youtube and Twitch (according to my dog) and home of the famous Journeyman series plus many other popular saves and experiments. FM24 will be the biggest year yet with more saves, experiments, guides, tutorials and lots of silly stuff. I will also be playing a few other games if they interest me.

Patreon - https://www.patreon.com/LokiDoki
Twitter - https://twitter.com/LokiDokigg
Twitch - https://www.twitch.tv/loki_doki_gg

*according to my wife
",60200,35545392,3709,Loki Doki,"Home of the best* Football Manager 2024 content on Youtube and Twitch (according to my dog) and home of the famous Journeyman series plus many other popular saves and experiments. FM24 will be the biggest year yet with more saves, experiments, guides, tutorials and lots of silly stuff. I will also be playing a few other games if they interest me.

Patreon - https://www.patreon.com/LokiDoki
Twitter - https://twitter.com/LokiDokigg
Twitch - https://www.twitch.tv/loki_doki_gg

*according to my wife
","""loki doki"" ""football manager"""
15,UC0XxZhHJT_VBc-szLoy3Imw,Jonukas,"Haaland im Saarland, Transfersperren, Rebuilds und ganz viel Football Manager. ",37900,7457188,168,Jonukas,"Haaland im Saarland, Transfersperren, Rebuilds und ganz viel Football Manager. ",
16,UCad5eMWb410g3FF0peWt48g,Stinger,"Football Manager in many different ways
Business Neildavidson237@hotmail.co.uk",22000,3879527,728,Stinger,"Football Manager in many different ways
Business Neildavidson237@hotmail.co.uk","footballmanager ""football manager tactics"" ""football manager tips"" ""football manager"" ""football manager beginners"" LLOUJO DRBENJY ZEALAND OMEGALUKE LLM FM23 ""FOOTBALL MANAGER 2023"" ""FM23 TACTICS"" ""best fm23 tactics"""
17,UCMWpuQCtigHebT0oRtFy7Gw,Football Manager,"Welcome to the new era of football management. #FM25 out March 2025.
",107000,27613029,312,Football Manager,"Welcome to the new era of football management. #FM25 out March 2025.
","""football manager"" FM ""football manager news"" ""football manager release date"" ""football manager new features"" FM23 ""Football Manager 2023"" ""Footy Manager"" ""Football Manager 23"""
18,UCPB3EO5KzwVquWYLgBIJyGw,MisterFM,"‚öΩÔ∏è Benvenuti sul canale di MisterFM, amici appassionati di calcio! ‚öΩÔ∏è

Se siete qui, probabilmente condividiamo la stessa passione per il calcio, in particolare per i giochi manageriali üéÆ. Da sempre sono un grande fan di questo genere, seguendo la serie fin dai tempi di Championship Manager 2000/2001 üïπÔ∏è. Da quando √® arrivato Football Manager, non mi sono mai perso un‚Äôedizione! üî•

Nel 2018 ho deciso di aprire questo canale con l‚Äôuscita di Football Manager per condividere le mie avventure e mettermi alla prova üí™, insieme a una community di veri appassionati. Qui troverete gameplay, strategie, consigli e tutto ci√≤ che riguarda l‚Äôincredibile mondo di FM üåç. Unitevi a me in questa fantastica avventura! üöÄ
",38500,10647439,2131,MisterFM,"‚öΩÔ∏è Benvenuti sul canale di MisterFM, amici appassionati di calcio! ‚öΩÔ∏è

Se siete qui, probabilmente condividiamo la stessa passione per il calcio, in particolare per i giochi manageriali üéÆ. Da sempre sono un grande fan di questo genere, seguendo la serie fin dai tempi di Championship Manager 2000/2001 üïπÔ∏è. Da quando √® arrivato Football Manager, non mi sono mai perso un‚Äôedizione! üî•

Nel 2018 ho deciso di aprire questo canale con l‚Äôuscita di Football Manager per condividere le mie avventure e mettermi alla prova üí™, insieme a una community di veri appassionati. Qui troverete gameplay, strategie, consigli e tutto ci√≤ che riguarda l‚Äôincredibile mondo di FM üåç. Unitevi a me in questa fantastica avventura! üöÄ
","""football manager 2024"" ""efootball 2024"" ""fc 24"" ""football manager"" misterfm ""mister fm"" ""football manager 2024 guida"" ""football manager 2024 gameplay"" ""football manager 2024 tutorial"" ""carriera allenatore"" ""fm 2024"" ""fm 24"" calcio ""football manager 2024 guida"" ""football manager 2024 tactic"" ""football manager 2024 carriera"""
19,UCO3AJGFCk2fnB_P6RnwzSog,WorkTheSpace,Daily Football Manager 2024 videos full of tangents and god-awful pronunciations. On YouTube my job is pretending to do a much more serious job in an entertaining manner... Sometimes it goes well.,211000,86225218,3265,WorkTheSpace,Daily Football Manager 2024 videos full of tangents and god-awful pronunciations. On YouTube my job is pretending to do a much more serious job in an entertaining manner... Sometimes it goes well.,"""Football Manager"" ""Football Manager 2020"" FM20 Gameplay Commentary tips tricks guide tactics wonderkids shortlist download graphics ""sports interactive"" football manager ""premier league"""
21,UCGQDQ03U2yfNjCtg5WIipRQ,Top Eleven Football Manager - Topic,"Top Eleven 2025 - Be A Soccer Manager is LIVE and more exciting than ever, with bigger soccer, action, and tactics ready to bring you straight onto the touchline!

The latest version of the hit-free soccer manager game delivers huge additions to 3D live matches. From replays and highlights to animations and cut-scenes, in Top Eleven 2025, the experience of managing your ultimate soccer team is going to new heights! 

On top of incredible 3D match updates, Top Eleven 2025 includes all new formats for the game‚Äôs most prestigious competitions. New phases including Leagues and Play-Offs mean battling it out against top clubs vying for glory and history with the Ultimate Cup.
With Top Eleven 2025, it‚Äôs easy to get going in free soccer manager games:

QUICK START AS A SOCCERMANAGER
-Jump into real-time Auctions and compete to sign the best soccer players for your top 11.
-Build out your own 3D football stadium a...
This channel was generated automatically by YouTube's video discovery system.",10500,0,0,Top Eleven Football Manager - Topic,"Top Eleven 2025 - Be A Soccer Manager is LIVE and more exciting than ever, with bigger soccer, action, and tactics ready to bring you straight onto the touchline!

The latest version of the hit-free soccer manager game delivers huge additions to 3D live matches. From replays and highlights to animations and cut-scenes, in Top Eleven 2025, the experience of managing your ultimate soccer team is going to new heights! 

On top of incredible 3D match updates, Top Eleven 2025 includes all new formats for the game‚Äôs most prestigious competitions. New phases including Leagues and Play-Offs mean battling it out against top clubs vying for glory and history with the Ultimate Cup.
With Top Eleven 2025, it‚Äôs easy to get going in free soccer manager games:

QUICK START AS A SOCCERMANAGER
-Jump into real-time Auctions and compete to sign the best soccer players for your top 11.
-Build out your own 3D football stadium a...
This channel was generated automatically by YouTube's video discovery system.",
22,UCrADlix_abDTJT0ZL7VLQCw,Jake Cooper,"Welcome to the Jake Cooper channel, a Football Manager channel hoping to become one of your new favourites here on YouTube! üëÄ

If you enjoy FM24, why not check out the videos we have on the channel, with plenty of FM24 rebuilds on the way!

Feel free to join in with the debate and discussion in the comments, and if you enjoy yourself feel free to stick around and subscribe to see more Football manager 2024 content (and inspire me to make more). 

See you in the dugout! ",40700,4623876,429,Jake Cooper,"Welcome to the Jake Cooper channel, a Football Manager channel hoping to become one of your new favourites here on YouTube! üëÄ

If you enjoy FM24, why not check out the videos we have on the channel, with plenty of FM24 rebuilds on the way!

Feel free to join in with the debate and discussion in the comments, and if you enjoy yourself feel free to stick around and subscribe to see more Football manager 2024 content (and inspire me to make more). 

See you in the dugout! ","Jake ""Jake cooper"" ""Jake Cooper fm"" ""Football manager"" Chelsea ""football manager gameplay"" ""fm saves"" wonderkids ""lets play"" rebuild ""football manger rebuild"" FM23 FM2023 ""FM 23"" ""football manager 23"" ""fm23 save"" ""fm23 rebuild"" fm24 rebuild ""fm24 guide"" ""football manager 24 rebuild"" ""fm24 rebuild"" ""fm24 tutorial"" ""fm scout"" ""fm24 save"" ""fm24 wonderkids"" best ""football manager 2024"" ""football manager 24"" ""FM 24"" ""FM 2024"" ""fm24 tactics"" ""fm scout"" ""omega luke"" rebuild Zealand tomfm ""tom fm"" saves"
23,UC-YBEiuGZO-rr4EXS9xuSew,JoshDaly,"Everything Football Manager, The Home Of FM Content. You can expect to see daily uploads, as well as streams so plenty of content to keep you entertained. Be sure to subscribe and come join the team! 

Social Media
Twitter-@JoshDxly
Instagram-JoshDxly
Twitch - JoshDxly

Business Enquires- t1daly@outlook.com


",28700,8524664,589,JoshDaly,"Everything Football Manager, The Home Of FM Content. You can expect to see daily uploads, as well as streams so plenty of content to keep you entertained. Be sure to subscribe and come join the team! 

Social Media
Twitter-@JoshDxly
Instagram-JoshDxly
Twitch - JoshDxly

Business Enquires- t1daly@outlook.com


","""football manager"" fm24 ""fm 24"" ""fm 2024"" ""football manager 2024"" ""fm24 tactics"" ""tactics fm24"" ""fm24 best tactics"" ""fm24 rebuilds"" ""fm24 lets play"" ""football manager 2024"" ""fm24 wonderkids"" ""best fm24 tactics"" ""fm24 tactics guide"" ""football manager 2024 gameplay"" ""fm tactics"" ""football manager tactics"" JoshDaly ""fm24 tactics best"" ""fm 2024 tactics"" ""football manager 24 tactics"" ""op fm24 tactics"" ""broken fm24 tactics"" ""the best fm24 tactics"" ""rebuild fm24"" ""football manager rebuild"" fm2024"
24,UCTAdC3L4oSqEVrqTtZb_xkg,lollujo,"I play Football Manager in a cupboard and call it a job...

The home Non-League to Legend, the most viewed Football Manager Youtube series ever! Loads of FM24 content for you to enjoy with new Football Manager 2024 videos uploaded at 4pm every weekday. Make sure you scroll up and hit the subscribe button for Let's Play, Road to Glory, tactics, tutorials, experiments live streams and more!

**********

Business Enquiries üëâ kevin.mgmt@ritualnetwork.com
",190000,75269831,3782,lollujo,"I play Football Manager in a cupboard and call it a job...

The home Non-League to Legend, the most viewed Football Manager Youtube series ever! Loads of FM24 content for you to enjoy with new Football Manager 2024 videos uploaded at 4pm every weekday. Make sure you scroll up and hit the subscribe button for Let's Play, Road to Glory, tactics, tutorials, experiments live streams and more!

**********

Business Enquiries üëâ kevin.mgmt@ritualnetwork.com
","""lets play"" gameplay ""non-league to legend"" journeyman lollujo llm non-league ""lower league"" management ""road to glory"" football manager ""career mode"" ""kevin chapman"" ""football manager"" rebuild rebuilding ""the fm guide"" ""fm guide"" ""football manager guide"" ""the football manager guide"" tutorial guide ""fm tutorial"" ""fm tips"" fm24 ""football manager 2024"" ""football manager 24"""
25,UCF7P84fV2P2AQBYqNYJNhPw,Manajer Virtual,"Akun yang membahas seputar gim Football Manager yang berisi mulai dari tutorial, highlights sampai story.
Kunjungi juga situs dan media sosialnya di:
Web: https://manajervirtual.blogspot.com/


",7820,1469745,664,Manajer Virtual,"Akun yang membahas seputar gim Football Manager yang berisi mulai dari tutorial, highlights sampai story.
Kunjungi juga situs dan media sosialnya di:
Web: https://manajervirtual.blogspot.com/


","""football manager Indonesia"" ""tutorial football manager"" ""Football Manager 2025"" FM25 ""football manager"" ""football manager 2025 indonesia"" ""fm 2025 Indonesia"" ""fm 25 Indonesia"" ""football fm 2025 gameplay"" ""football manager 2025 mobile"" ""football manager 2025 gameplay"" ""football manager 2025 review"" ""fm mobile"" ""fm 25 indo"""
26,UCoIcaKrLHJ9X--jgBAtFEJw,ChesnoidPlays,"Welcome to ChesnoidPlays! This is my (ChesnoidGaming) second channel where i'll be posting extra content on FC 25 on top of what you already see on the main channel! You'll also find regular F1 game and Football Manager content here too so be sure to subscribe!

Follow my Twitch channel to see them recorded LIVE and follow me on Twitter to stay up to date with everything Chesnoid related!",25800,3813809,1039,ChesnoidPlays,"Welcome to ChesnoidPlays! This is my (ChesnoidGaming) second channel where i'll be posting extra content on FC 25 on top of what you already see on the main channel! You'll also find regular F1 game and Football Manager content here too so be sure to subscribe!

Follow my Twitch channel to see them recorded LIVE and follow me on Twitter to stay up to date with everything Chesnoid related!","ChesnoidGaming Chesnoid ChesnoidPlays ""Second Channel"" ""PC Gaming"" ""F1 Game"" ""Football Manager"" Journeyman ""Career Mode"" ""My Player"" F1 ""Formula 1"" ""My Team Career"" F124 ""Driver Career"" ""FC 25"" ""FC 25 Career Mode"" ""FC 25 Player Career"" ""FC 25 Player Career Mode"""
27,UCz69o5GpwaZhNy6LAQolDYA,Omega Luke,"The home of Football Manager REBUILDS, vs Challenges with Omega Dad and the best Football Manager stories on YouTube. So make sure you are subscribed for plenty of FM24 content.

Any business enquiries to sponsor videos, affiliate or collab with, feel free to use my email address - omegaluke.mgmt@ritualnetwork.com 

",150000,52579454,1119,Omega Luke,"The home of Football Manager REBUILDS, vs Challenges with Omega Dad and the best Football Manager stories on YouTube. So make sure you are subscribed for plenty of FM24 content.

Any business enquiries to sponsor videos, affiliate or collab with, feel free to use my email address - omegaluke.mgmt@ritualnetwork.com 

","FM22 ""Football Manager 2022"" ""Football Manager"" ""FM 22"" ""Football Manager 22"" ""FM22 Wonderkids"" ""FM22 Rebuilds"" ""Football Manager Rebuilds"" ""Football Manager Wonderkids"" ""FM22 Tactics"" ""Football Manager Tactics"" ""Football Manager Tips"" ""FM22 Tips"" ""Football Manager Best"" ""Football Manager Top"" ""FM22 Tutorial"" ""Best FM22"" ""Omega Luke"""
28,UCfDI0vpECnJaP0Ixs3gecHg,fefux,"Oi! Eu sou o Fefux! Tenho 32 anos, natural e residente em Guarulhos/SP.  Sou narrador esportivo pela nSports, Canal Ol√≠mpico do Brasil, Conmebol e Canal GOAT BR, criador de conte√∫do e fa√ßo lives de Football Manager. Sejam bem-vindos! ‚ô•",28200,2859454,279,fefux,"Oi! Eu sou o Fefux! Tenho 32 anos, natural e residente em Guarulhos/SP.  Sou narrador esportivo pela nSports, Canal Ol√≠mpico do Brasil, Conmebol e Canal GOAT BR, criador de conte√∫do e fa√ßo lives de Football Manager. Sejam bem-vindos! ‚ô•","""Football Manager"" ""Football Manager 2021"" ""Football Manager 2022"" ""Football Manager 20"" ""Football Manager 21"" ""Football Manager 22"" ""FM 2021"" ""FM 2020"" ""FM 2022"" ""FM 20"" ""FM 21"" ""FM 22"""
29,UC3waqpp6DhkLQUCNzxX6m1w,Andr√© Santana - FM,"‚úä Patronos! ‚úä https://www.patreon.com/user?u=56116626
‚öΩ INSTAGRAM: üëâ https://www.instagram.com/andresantana_yt/
‚öΩ TIK TOK: üëâhttps://www.tiktok.com/@andresantana_yt
‚öΩ DISCORD: üëâ https://discord.gg/mNvYvHYqQx

‚öΩ Outro Canal. üëâ https://www.youtube.com/channel/UCCfkHuSuM-KpFO8ij7YHxuQ?sub_confirmation=1
",7520,967514,977,Andr√© Santana - FM,"‚úä Patronos! ‚úä https://www.patreon.com/user?u=56116626
‚öΩ INSTAGRAM: üëâ https://www.instagram.com/andresantana_yt/
‚öΩ TIK TOK: üëâhttps://www.tiktok.com/@andresantana_yt
‚öΩ DISCORD: üëâ https://discord.gg/mNvYvHYqQx

‚öΩ Outro Canal. üëâ https://www.youtube.com/channel/UCCfkHuSuM-KpFO8ij7YHxuQ?sub_confirmation=1
","FM24 ""fm 24"" ""football manager 2024 download"" ""fm24 ps5"" ""fm 24 trailer"" ""fm24 beta"" ""fm 24 demo"" ""fm 24 download"" ""fm24 database"" ""fm24 tips"" ""football manager 2024"" ""football manager"" ""Football Manager portugal"" ""FM portugal"" ""fm24 gameplay"" ""fm 24 walkthrough"" ""fm 24 wonderkids"" ""fm24 mobile"" ""fm24 benfica"" ""fm24 sporting"" ""fm24 taticas"" ""fm24 rebuild"" ""fm24 jovens"" ""fm 24 benfica"" ""andr√© santana"" ""andr√© santana fm"" ""santana fm"" ""andre santana"" andre santana FM25 fm25 ""fm brasil"""
30,UCZqfix1LC5qP3D31AJNdr9g,salavatunited,"–£–≤–∞–∂–∞–µ–º—ã–µ –¥—Ä—É–∑—å—è, –¥–æ–±—Ä–æ –ø–æ–∂–∞–ª–æ–≤–∞—Ç—å –Ω–∞ —Å–∞–º—ã–π –±–æ–ª—å—à–æ–π –≤ –†–æ—Å—Å–∏–∏ –∫–∞–Ω–∞–ª –ø–æ Football Manager.
–†–µ–∫–æ–º–µ–Ω–¥—É—é —Ç–∞–∫–∂–µ –ø–æ–¥–ø–∏—Å–∞—Ç—å—Å—è –Ω–∞ —Å–≤–æ–π –¢–ï–õ–ï–ì–†–ê–ú-–ö–ê–ù–ê–õ - https://t.me/salavatunited
Twitch-–∫–∞–Ω–∞–ª: https://www.twitch.tv/salavatunited
–ò –≤—Å—Ç—É–ø–∏—Ç—å –≤ –≥—Ä—É–ø–ø—É –í–ö -  https://vk.com/sltutd


",34400,18018078,2664,salavatunited,"–£–≤–∞–∂–∞–µ–º—ã–µ –¥—Ä—É–∑—å—è, –¥–æ–±—Ä–æ –ø–æ–∂–∞–ª–æ–≤–∞—Ç—å –Ω–∞ —Å–∞–º—ã–π –±–æ–ª—å—à–æ–π –≤ –†–æ—Å—Å–∏–∏ –∫–∞–Ω–∞–ª –ø–æ Football Manager.
–†–µ–∫–æ–º–µ–Ω–¥—É—é —Ç–∞–∫–∂–µ –ø–æ–¥–ø–∏—Å–∞—Ç—å—Å—è –Ω–∞ —Å–≤–æ–π –¢–ï–õ–ï–ì–†–ê–ú-–ö–ê–ù–ê–õ - https://t.me/salavatunited
Twitch-–∫–∞–Ω–∞–ª: https://www.twitch.tv/salavatunited
–ò –≤—Å—Ç—É–ø–∏—Ç—å –≤ –≥—Ä—É–ø–ø—É –í–ö -  https://vk.com/sltutd


","–±—É–±–Ω–æ–≤ ""Football Manager"" FM ""—Ñ—É—Ç–±–æ–ª—å–Ω—ã–π –º–µ–Ω–µ–¥–∂–µ—Ä"" –§–ú ""—Ñ—É—Ç–±–æ–ª –º–µ–Ω–µ–¥–∂–µ—Ä"" ""football manager"" ""–∫–∞—Ä—å–µ—Ä–∞ –≤ football manager"" ""football manager –∫–∞—Ä—å–µ—Ä–∞"" ""—Ñ–º –∫–∞—Ä—å–µ—Ä–∞"" ""–∫–∞—Ä—å–µ—Ä–∞ —Ñ–º"" ""–∫–∞—Ä—å–µ—Ä–∞ fm"" ""miles si"" ""video game"" ""sports game"" fifa pes ""–∫–∞—Ä—å–µ—Ä–∞ —Ç—Ä–µ–Ω–µ—Ä–∞ —Ñ—É—Ç–±–æ–ª –º–µ–Ω–µ–¥–∂–µ—Ä"" ""football manager –≥–∞–π–¥"" ""football manager 2023"" fm23 ""fm 23"" pes fifa —Ñ—É—Ç–±–æ–ª ""—Ñ—É—Ç–±–æ–ª—å–Ω—ã–µ —Ç—Ä–∞–Ω—Å—Ñ–µ—Ä—ã"" ""football manager 2024"" ""–ø–∞—Ä–æ–¥–∏—è –Ω–∞ –±—É–±–Ω–æ–≤–∞"""
31,UCWG8MUkOQKOgHkliNsCwnVg,FM Blog | FM24,"Welcome to the FM Blog YouTube channel about all things Football Manager 2024. Get your FM24 tactics, wonderkids, scouting, guides, tutorials, hints and tips all in one place. Don't forget, we make videos for you. Get in the comments if you've got anything you want us to explore in our FM 2024 videos. 

‚úÖ Subscribe to get notified of our new videos ‚ûú https://fmblog.org/ytsub
üîî Click the bell icon and select 'All' to not miss anything

DISCLAIMER: This channel is not endorsed by Sports Interactive or SEGA & is intended for entertainment purposes only. The views expressed here are the views of the individual contributors. In-game generated images & any other Football Manager related items are registered trademarks & copyright material owned by Sports Interactive or their respective trademark & copyright holders. 

This channel may sometimes use adult language and content that is not suitable for children under the age of 13.
",7340,2557730,1025,FM Blog | FM24,"Welcome to the FM Blog YouTube channel about all things Football Manager 2024. Get your FM24 tactics, wonderkids, scouting, guides, tutorials, hints and tips all in one place. Don't forget, we make videos for you. Get in the comments if you've got anything you want us to explore in our FM 2024 videos. 

‚úÖ Subscribe to get notified of our new videos ‚ûú https://fmblog.org/ytsub
üîî Click the bell icon and select 'All' to not miss anything

DISCLAIMER: This channel is not endorsed by Sports Interactive or SEGA & is intended for entertainment purposes only. The views expressed here are the views of the individual contributors. In-game generated images & any other Football Manager related items are registered trademarks & copyright material owned by Sports Interactive or their respective trademark & copyright holders. 

This channel may sometimes use adult language and content that is not suitable for children under the age of 13.
","""football manager blog"" ""Football Manager"" fm23 fm2023 ""football manager 2023"" ""fm23 wonderkids"" ""fm23 tactics"" ""fm23 teams to manage"" ""football manager 2023 wonderkids"" ""football manager 2023 tactics"" ""football manager 2023 download"" ""football manager 2023 new features"" ""football manager 2023 best players"" ""football manager 2023 bargains"" ""football manager 2023 facepack"" fmscout zealand omegaluke doctorbenjy fmbase ""fm23 best players"" lollujo WorkTheSpace Zealand ""fm23 facepack"" ""fm23 logopack"""
32,UCrEd_Xz4zERYT4fg6se62kA,Magicomonta football manager Emulazioni tattiche,"Emulazioni tattiche di football Manager con analisi tattica, tutorial e live di carriere",11300,769230,819,Magicomonta football manager Emulazioni tattiche,"Emulazioni tattiche di football Manager con analisi tattica, tutorial e live di carriere",FOOTBALLMANAGER MAGICOMONTA EMULAZIONITATTICHE
33,UCWUCWx5HNWSuzwGxwVczGPQ,BusttheNet Gaming,"Hi there, my name is Daljit, apart from being a content creator, I am also a moderator on the SI forums helping people out with the training and tactics side of the game. 

On this channel you will find guides for Football Manager that cover: Training, Tips and Tricks, Tactics.  You will also find me releasing written guides for the game each year for every new game that is released. I also release views, schedules, shortlists.

The best place to start if you are new to the game is the 101 of Mastering Football Manager, which covers guides that are done in conjunction with the creators of the game Sports Interactive. Other saves include - Gamechanger -  a series of shows that cover FM20, FM21 where I take a look at your saves and offer suggestions. 

This year I livestream on Mondays, Weds and Fridays (1830hrs Singapore)  covering Road to Glory challenges with Forest, Kasimpasa, Sporting Portugal and Dundee United.  I also upload two guide videos each week. 

WV0Q0Z",30300,6201594,1312,BusttheNet Gaming,"Hi there, my name is Daljit, apart from being a content creator, I am also a moderator on the SI forums helping people out with the training and tactics side of the game. 

On this channel you will find guides for Football Manager that cover: Training, Tips and Tricks, Tactics.  You will also find me releasing written guides for the game each year for every new game that is released. I also release views, schedules, shortlists.

The best place to start if you are new to the game is the 101 of Mastering Football Manager, which covers guides that are done in conjunction with the creators of the game Sports Interactive. Other saves include - Gamechanger -  a series of shows that cover FM20, FM21 where I take a look at your saves and offer suggestions. 

This year I livestream on Mondays, Weds and Fridays (1830hrs Singapore)  covering Road to Glory challenges with Forest, Kasimpasa, Sporting Portugal and Dundee United.  I also upload two guide videos each week. 

WV0Q0Z","Bustthenet ""Football Manager"" ""How to Master Football Manager"" ""tips and tricks"" ""lets play"" tactics ""road to glory"" rashidi journeyman ""FM Training Schedules"" ""FM Training"" ""FM Tactics"" Experiments Gamechanger ""FM guides"" ""FM Tutorial"" wonderkids Youtube ""FM help"" ""Football Manager Help"" ""Bustthenet FM"" ""LLM Football"" Nonleague ""bust the net"" ""bustthenet gaming"" ""bustthenet training schedules"" ""Football Manager 2022"" FM22 ""FM 22 Tactics"" ""Football Manager Training"" ""FM 22 Training"""
34,UCG52-Mgl1STe9rTfNF1wvXA,Football Manager Italia,"Benvenuti su Football Manager Italia, un canale interamente dedicato a questa fantastica serie di giochi.

Cercher√≤ di darvi nel mio piccolo, consigli sugli allenamenti, sullo staff, sugli acquisti e sulle formazioni per le squadre che state allenando. Tutto ci√≤ con video di carriera e stagioni che affronteremo insieme (con diversi team) o con video specifici.

Buona visione da Mike94",6650,1608132,1165,Football Manager Italia,"Benvenuti su Football Manager Italia, un canale interamente dedicato a questa fantastica serie di giochi.

Cercher√≤ di darvi nel mio piccolo, consigli sugli allenamenti, sullo staff, sugli acquisti e sulle formazioni per le squadre che state allenando. Tutto ci√≤ con video di carriera e stagioni che affronteremo insieme (con diversi team) o con video specifici.

Buona visione da Mike94",Football Manager
35,UCrzcsiVgs_79FYdkyIBcyAg,Erione Football Manager,"Neste canal voc√™ encontrar√° tudo o que acontece no futebol Brasileiro, Sul-americano, Europeu e mundial com exclusividade e qualidade.
Melhores momentos de jogos, mercado da bola, Noticias e muito mais. INSCREVA-SE!!
UM CLIQUE E √â GR√ÅTIS!!",8520,2020625,64,Erione Football Manager,"Neste canal voc√™ encontrar√° tudo o que acontece no futebol Brasileiro, Sul-americano, Europeu e mundial com exclusividade e qualidade.
Melhores momentos de jogos, mercado da bola, Noticias e muito mais. INSCREVA-SE!!
UM CLIQUE E √â GR√ÅTIS!!","""Football Manager"" ""Erione Football futebol manager"" ""mercado da bola"" gols ""melhores momentos"" skills dribles jogadas ""noticias neymar"" ""noticias cristiano ronaldo"" ""noticias messi"" ""futebol europeu"" Erione futebol manager"
36,UCcLDBD4zbbLhc6lkMm1HxCA,mietczy≈Ñski sportowo,hej to ja Mieciu a to m√≥j drugi kana≈Ç o tematyce oko≈Çosportowej zainteresowanych zapraszam do subskrybowania i ≈ºyczƒô mi≈Çego dzionka,61800,6906831,102,mietczy≈Ñski sportowo,hej to ja Mieciu a to m√≥j drugi kana≈Ç o tematyce oko≈Çosportowej zainteresowanych zapraszam do subskrybowania i ≈ºyczƒô mi≈Çego dzionka,
